INSERT INTO genres (id, name, slug) VALUES
  ('a0000000-0000-0000-0000-000000000001', 'Techno', 'techno'),
  ('a0000000-0000-0000-0000-000000000002', 'House', 'house'),
  ('a0000000-0000-0000-0000-000000000003', 'Drum & Bass', 'drum-and-bass'),
  ('a0000000-0000-0000-0000-000000000004', 'Trance', 'trance'),
  ('a0000000-0000-0000-0000-000000000005', 'Dubstep', 'dubstep'),
  ('a0000000-0000-0000-0000-000000000006', 'Minimal', 'minimal'),
  ('a0000000-0000-0000-0000-000000000007', 'Ambient', 'ambient'),
  ('a0000000-0000-0000-0000-000000000008', 'Breakbeat', 'breakbeat'),
  ('a0000000-0000-0000-0000-000000000009', 'Garage', 'garage'),
  ('a0000000-0000-0000-0000-000000000010', 'Hardcore', 'hardcore'),
  ('a0000000-0000-0000-0000-000000000011', 'Hard Dance', 'hard-dance');
--> statement-breakpoint
INSERT INTO artists (id, name, slug, aliases, bio, socials) VALUES
  ('b0000000-0000-0000-0000-000000000001', 'Amelie Lens', 'amelie-lens', '{}', 'Belgian techno DJ and producer known for driving, energetic sets.', '{"instagram": "amelielens", "soundcloud": "amelielens"}'),
  ('b0000000-0000-0000-0000-000000000002', 'Four Tet', 'four-tet', '{"Kieran Hebden", "KH", "Percussions"}', 'British electronic musician known for eclectic, textured DJ sets spanning genres.', '{"instagram": "fourtetkieran", "soundcloud": "four-tet"}'),
  ('b0000000-0000-0000-0000-000000000003', 'Charlotte de Witte', 'charlotte-de-witte', '{}', 'Belgian techno DJ and label head of KNTXT.', '{"instagram": "charlottedewittemusic", "soundcloud": "charlottedewittemusic"}'),
  ('b0000000-0000-0000-0000-000000000004', 'Hardwell', 'hardwell', '{"Robbert van de Corput"}', 'Dutch DJ and producer, one of the biggest names in EDM and hardstyle crossover.', '{"instagram": "hardwell", "soundcloud": "hardwell"}'),
  ('b0000000-0000-0000-0000-000000000005', 'Martin Garrix', 'martin-garrix', '{"Martijn Garritsen", "YTRAM", "GRX"}', 'Dutch DJ and producer known for festival anthems and progressive house.', '{"instagram": "martingarrix", "soundcloud": "martingarrix"}'),
  ('b0000000-0000-0000-0000-000000000006', 'Peggy Gou', 'peggy-gou', '{}', 'South Korean DJ and producer blending house, techno, and electro.', '{"instagram": "peggygou_", "soundcloud": "peggygou"}'),
  ('b0000000-0000-0000-0000-000000000007', 'Armin van Buuren', 'armin-van-buuren', '{"Rising Star", "Gaia"}', 'Dutch trance DJ and five-time #1 DJ in the world.', '{"instagram": "arminvanbuuren", "soundcloud": "arminvanbuuren"}'),
  ('b0000000-0000-0000-0000-000000000008', 'Tiesto', 'tiesto', '{"Tijs Verwest"}', 'Dutch DJ and producer, pioneer of trance turned house music icon.', '{"instagram": "tiesto", "soundcloud": "tiesto"}'),
  ('b0000000-0000-0000-0000-000000000009', 'Bicep', 'bicep', '{}', 'Northern Irish electronic duo known for melodic house and breakbeat.', '{"instagram": "feelbicep", "soundcloud": "feelbicep"}'),
  ('b0000000-0000-0000-0000-000000000010', 'David Guetta', 'david-guetta', '{}', 'French DJ and producer, one of the best-selling electronic artists worldwide.', '{"instagram": "davidguetta", "soundcloud": "davidguetta"}'),
  ('b0000000-0000-0000-0000-000000000011', 'Adam Beyer', 'adam-beyer', '{}', 'Swedish techno DJ and Drumcode label boss.', '{"instagram": "realadambeyer", "soundcloud": "adambeyer"}'),
  ('b0000000-0000-0000-0000-000000000012', 'Calvin Harris', 'calvin-harris', '{"Adam Wiles", "Love Regenerator"}', 'Scottish DJ and producer, highest-paid DJ for multiple years.', '{"instagram": "calvinharris", "soundcloud": "calvinharris"}'),
  ('b0000000-0000-0000-0000-000000000013', 'Fred Again..', 'fred-again', '{"Fred Gibson"}', 'British producer and DJ known for sampling voice notes and live emotional sets.', '{"instagram": "fredagainagainagainagainagain", "soundcloud": "fredagain"}'),
  ('b0000000-0000-0000-0000-000000000014', 'Headhunterz', 'headhunterz', '{"Willem Rebergen"}', 'Dutch hardstyle DJ and producer, one of the genres most iconic artists.', '{"instagram": "headhunterz", "soundcloud": "headhunterz"}'),
  ('b0000000-0000-0000-0000-000000000015', 'Brennan Heart', 'brennan-heart', '{"Fabian Bohn"}', 'Dutch hardstyle DJ, producer, and I AM HARDSTYLE label founder.', '{"instagram": "brennanheart", "soundcloud": "brennanheart"}');
--> statement-breakpoint
INSERT INTO artist_genres (artist_id, genre_id) VALUES
  ('b0000000-0000-0000-0000-000000000001', 'a0000000-0000-0000-0000-000000000001'),
  ('b0000000-0000-0000-0000-000000000002', 'a0000000-0000-0000-0000-000000000002'),
  ('b0000000-0000-0000-0000-000000000002', 'a0000000-0000-0000-0000-000000000007'),
  ('b0000000-0000-0000-0000-000000000003', 'a0000000-0000-0000-0000-000000000001'),
  ('b0000000-0000-0000-0000-000000000004', 'a0000000-0000-0000-0000-000000000011'),
  ('b0000000-0000-0000-0000-000000000004', 'a0000000-0000-0000-0000-000000000002'),
  ('b0000000-0000-0000-0000-000000000005', 'a0000000-0000-0000-0000-000000000002'),
  ('b0000000-0000-0000-0000-000000000006', 'a0000000-0000-0000-0000-000000000002'),
  ('b0000000-0000-0000-0000-000000000006', 'a0000000-0000-0000-0000-000000000001'),
  ('b0000000-0000-0000-0000-000000000007', 'a0000000-0000-0000-0000-000000000004'),
  ('b0000000-0000-0000-0000-000000000008', 'a0000000-0000-0000-0000-000000000002'),
  ('b0000000-0000-0000-0000-000000000008', 'a0000000-0000-0000-0000-000000000004'),
  ('b0000000-0000-0000-0000-000000000009', 'a0000000-0000-0000-0000-000000000002'),
  ('b0000000-0000-0000-0000-000000000009', 'a0000000-0000-0000-0000-000000000008'),
  ('b0000000-0000-0000-0000-000000000010', 'a0000000-0000-0000-0000-000000000002'),
  ('b0000000-0000-0000-0000-000000000011', 'a0000000-0000-0000-0000-000000000001'),
  ('b0000000-0000-0000-0000-000000000012', 'a0000000-0000-0000-0000-000000000002'),
  ('b0000000-0000-0000-0000-000000000013', 'a0000000-0000-0000-0000-000000000002'),
  ('b0000000-0000-0000-0000-000000000014', 'a0000000-0000-0000-0000-000000000011'),
  ('b0000000-0000-0000-0000-000000000015', 'a0000000-0000-0000-0000-000000000011');
--> statement-breakpoint
INSERT INTO festivals (id, name, slug, description) VALUES
  ('c0000000-0000-0000-0000-000000000001', 'Tomorrowland', 'tomorrowland', 'The most iconic electronic music festival in the world, held in Boom, Belgium since 2005.'),
  ('c0000000-0000-0000-0000-000000000002', 'Ultra Music Festival', 'ultra-music-festival', 'Premier electronic music festival in Miami, showcasing the biggest names in EDM since 1999.'),
  ('c0000000-0000-0000-0000-000000000003', 'Boiler Room', 'boiler-room', 'Global underground music platform broadcasting DJ sets from studios, clubs, and festivals worldwide.'),
  ('c0000000-0000-0000-0000-000000000004', 'Awakenings', 'awakenings', 'The premier techno festival and event series in the Netherlands, running since 1997.'),
  ('c0000000-0000-0000-0000-000000000005', 'Qlimax', 'qlimax', 'The biggest indoor hardstyle event in the world, produced by Q-dance in the Netherlands.');
--> statement-breakpoint
INSERT INTO festival_genres (festival_id, genre_id) VALUES
  ('c0000000-0000-0000-0000-000000000001', 'a0000000-0000-0000-0000-000000000001'),
  ('c0000000-0000-0000-0000-000000000001', 'a0000000-0000-0000-0000-000000000002'),
  ('c0000000-0000-0000-0000-000000000001', 'a0000000-0000-0000-0000-000000000004'),
  ('c0000000-0000-0000-0000-000000000001', 'a0000000-0000-0000-0000-000000000011'),
  ('c0000000-0000-0000-0000-000000000002', 'a0000000-0000-0000-0000-000000000002'),
  ('c0000000-0000-0000-0000-000000000002', 'a0000000-0000-0000-0000-000000000004'),
  ('c0000000-0000-0000-0000-000000000002', 'a0000000-0000-0000-0000-000000000005'),
  ('c0000000-0000-0000-0000-000000000003', 'a0000000-0000-0000-0000-000000000001'),
  ('c0000000-0000-0000-0000-000000000003', 'a0000000-0000-0000-0000-000000000002'),
  ('c0000000-0000-0000-0000-000000000003', 'a0000000-0000-0000-0000-000000000003'),
  ('c0000000-0000-0000-0000-000000000004', 'a0000000-0000-0000-0000-000000000001'),
  ('c0000000-0000-0000-0000-000000000005', 'a0000000-0000-0000-0000-000000000011'),
  ('c0000000-0000-0000-0000-000000000005', 'a0000000-0000-0000-0000-000000000010');
--> statement-breakpoint
INSERT INTO events (id, name, slug, festival_id, date_start, date_end, location, stages) VALUES
  ('d0000000-0000-0000-0000-000000000001', 'Tomorrowland Belgium 2024 Weekend 1', 'tomorrowland-belgium-2024-w1', 'c0000000-0000-0000-0000-000000000001', '2024-07-19', '2024-07-21', 'Boom, Belgium', '{"Mainstage", "Freedom", "Atmosphere", "Core"}'),
  ('d0000000-0000-0000-0000-000000000002', 'Tomorrowland Belgium 2024 Weekend 2', 'tomorrowland-belgium-2024-w2', 'c0000000-0000-0000-0000-000000000001', '2024-07-26', '2024-07-28', 'Boom, Belgium', '{"Mainstage", "Freedom", "Atmosphere", "Core"}'),
  ('d0000000-0000-0000-0000-000000000003', 'Tomorrowland Brasil 2024', 'tomorrowland-brasil-2024', 'c0000000-0000-0000-0000-000000000001', '2024-10-11', '2024-10-13', 'Itu, Sao Paulo, Brazil', '{"Mainstage", "Freedom"}'),
  ('d0000000-0000-0000-0000-000000000004', 'Ultra Music Festival Miami 2024', 'ultra-miami-2024', 'c0000000-0000-0000-0000-000000000002', '2024-03-22', '2024-03-24', 'Bayfront Park, Miami, USA', '{"Mainstage", "RESISTANCE", "Worldwide", "Live"}'),
  ('d0000000-0000-0000-0000-000000000005', 'Boiler Room x AVA Festival 2015', 'boiler-room-ava-2015', 'c0000000-0000-0000-0000-000000000003', '2015-06-17', '2015-06-17', 'Belfast, Northern Ireland', '{"Titanic Dock"}'),
  ('d0000000-0000-0000-0000-000000000006', 'Boiler Room: Streaming From Isolation', 'boiler-room-isolation-2020', 'c0000000-0000-0000-0000-000000000003', '2020-03-20', '2020-06-30', 'Various Locations', '{"Stream"}'),
  ('d0000000-0000-0000-0000-000000000007', 'Boiler Room London 2022', 'boiler-room-london-2022', 'c0000000-0000-0000-0000-000000000003', '2022-06-22', '2022-06-22', 'London, UK', '{"Studio"}'),
  ('d0000000-0000-0000-0000-000000000008', 'Awakenings x Drumcode ADE 2024', 'awakenings-drumcode-ade-2024', 'c0000000-0000-0000-0000-000000000004', '2024-10-17', '2024-10-17', 'Gashouder, Amsterdam, Netherlands', '{"Main"}'),
  ('d0000000-0000-0000-0000-000000000009', 'Qlimax 2024', 'qlimax-2024', 'c0000000-0000-0000-0000-000000000005', '2024-11-23', '2024-11-23', 'Gelredome, Arnhem, Netherlands', '{"Main"}');
--> statement-breakpoint
INSERT INTO sets (id, title, slug, event_id, stage, performed_at, duration_seconds) VALUES
  ('e0000000-0000-0000-0000-000000000001', 'Amelie Lens at Tomorrowland 2024 Weekend 1', 'amelie-lens-tomorrowland-2024-w1', 'd0000000-0000-0000-0000-000000000001', 'Mainstage', '2024-07-20 22:00:00+00', 3600),
  ('e0000000-0000-0000-0000-000000000002', 'Charlotte de Witte at Tomorrowland Brasil 2024', 'charlotte-de-witte-tomorrowland-brasil-2024', 'd0000000-0000-0000-0000-000000000003', 'Mainstage', '2024-10-13 22:00:00+00', 4020),
  ('e0000000-0000-0000-0000-000000000003', 'Adam Beyer at Tomorrowland 2024 Weekend 2', 'adam-beyer-tomorrowland-2024-w2', 'd0000000-0000-0000-0000-000000000002', 'Atmosphere', '2024-07-27 20:00:00+00', 3600),
  ('e0000000-0000-0000-0000-000000000004', 'Adam Beyer at Awakenings x Drumcode ADE 2024', 'adam-beyer-awakenings-ade-2024', 'd0000000-0000-0000-0000-000000000008', 'Main', '2024-10-17 23:00:00+00', 5400),
  ('e0000000-0000-0000-0000-000000000005', 'Hardwell at Tomorrowland 2024 Weekend 2', 'hardwell-tomorrowland-2024-w2', 'd0000000-0000-0000-0000-000000000002', 'Mainstage', '2024-07-26 23:00:00+00', 3540),
  ('e0000000-0000-0000-0000-000000000006', 'Hardwell at Tomorrowland Brasil 2024', 'hardwell-tomorrowland-brasil-2024', 'd0000000-0000-0000-0000-000000000003', 'Mainstage', '2024-10-11 22:00:00+00', 3600),
  ('e0000000-0000-0000-0000-000000000007', 'Hardwell at Ultra Miami 2024', 'hardwell-ultra-miami-2024', 'd0000000-0000-0000-0000-000000000004', 'Mainstage', '2024-03-23 23:00:00+00', 3600),
  ('e0000000-0000-0000-0000-000000000008', 'Tiesto at Tomorrowland 2024 Weekend 2', 'tiesto-tomorrowland-2024-w2', 'd0000000-0000-0000-0000-000000000002', 'Mainstage', '2024-07-27 22:00:00+00', 3600),
  ('e0000000-0000-0000-0000-000000000009', 'Tiesto at Ultra Miami 2024', 'tiesto-ultra-miami-2024', 'd0000000-0000-0000-0000-000000000004', 'Mainstage', '2024-03-24 21:00:00+00', 3600),
  ('e0000000-0000-0000-0000-000000000010', 'David Guetta at Tomorrowland 2024 Weekend 2', 'david-guetta-tomorrowland-2024-w2', 'd0000000-0000-0000-0000-000000000002', 'Mainstage', '2024-07-27 00:00:00+00', 3600),
  ('e0000000-0000-0000-0000-000000000011', 'David Guetta at Ultra Miami 2024', 'david-guetta-ultra-miami-2024', 'd0000000-0000-0000-0000-000000000004', 'Mainstage', '2024-03-23 20:00:00+00', 3600),
  ('e0000000-0000-0000-0000-000000000012', 'Martin Garrix at Ultra Miami 2024', 'martin-garrix-ultra-miami-2024', 'd0000000-0000-0000-0000-000000000004', 'Mainstage', '2024-03-24 23:00:00+00', 3600),
  ('e0000000-0000-0000-0000-000000000013', 'Armin van Buuren at Ultra Miami 2024', 'armin-van-buuren-ultra-miami-2024', 'd0000000-0000-0000-0000-000000000004', 'Mainstage', '2024-03-24 19:00:00+00', 3600),
  ('e0000000-0000-0000-0000-000000000014', 'Calvin Harris at Ultra Miami 2024', 'calvin-harris-ultra-miami-2024', 'd0000000-0000-0000-0000-000000000004', 'Mainstage', '2024-03-24 01:00:00+00', 3600),
  ('e0000000-0000-0000-0000-000000000015', 'Four Tet at Boiler Room: Streaming From Isolation', 'four-tet-boiler-room-isolation', 'd0000000-0000-0000-0000-000000000006', 'Stream', '2020-05-15 20:00:00+00', 5400),
  ('e0000000-0000-0000-0000-000000000016', 'Peggy Gou at Boiler Room: Streaming From Isolation', 'peggy-gou-boiler-room-isolation', 'd0000000-0000-0000-0000-000000000006', 'Stream', '2020-04-24 20:00:00+00', 5400),
  ('e0000000-0000-0000-0000-000000000017', 'Bicep at Boiler Room x AVA Festival', 'bicep-boiler-room-ava-2015', 'd0000000-0000-0000-0000-000000000005', 'Titanic Dock', '2015-06-17 21:00:00+00', 3600),
  ('e0000000-0000-0000-0000-000000000018', 'Fred Again at Boiler Room London', 'fred-again-boiler-room-london-2022', 'd0000000-0000-0000-0000-000000000007', 'Studio', '2022-06-22 20:00:00+00', 3600),
  ('e0000000-0000-0000-0000-000000000019', 'Headhunterz at Qlimax 2024', 'headhunterz-qlimax-2024', 'd0000000-0000-0000-0000-000000000009', 'Main', '2024-11-23 22:00:00+00', 3600),
  ('e0000000-0000-0000-0000-000000000020', 'Brennan Heart at Qlimax 2024', 'brennan-heart-qlimax-2024', 'd0000000-0000-0000-0000-000000000009', 'Main', '2024-11-23 20:00:00+00', 3600);
--> statement-breakpoint
INSERT INTO set_artists (set_id, artist_id, position) VALUES
  ('e0000000-0000-0000-0000-000000000001', 'b0000000-0000-0000-0000-000000000001', 0),
  ('e0000000-0000-0000-0000-000000000002', 'b0000000-0000-0000-0000-000000000003', 0),
  ('e0000000-0000-0000-0000-000000000003', 'b0000000-0000-0000-0000-000000000011', 0),
  ('e0000000-0000-0000-0000-000000000004', 'b0000000-0000-0000-0000-000000000011', 0),
  ('e0000000-0000-0000-0000-000000000005', 'b0000000-0000-0000-0000-000000000004', 0),
  ('e0000000-0000-0000-0000-000000000006', 'b0000000-0000-0000-0000-000000000004', 0),
  ('e0000000-0000-0000-0000-000000000007', 'b0000000-0000-0000-0000-000000000004', 0),
  ('e0000000-0000-0000-0000-000000000008', 'b0000000-0000-0000-0000-000000000008', 0),
  ('e0000000-0000-0000-0000-000000000009', 'b0000000-0000-0000-0000-000000000008', 0),
  ('e0000000-0000-0000-0000-000000000010', 'b0000000-0000-0000-0000-000000000010', 0),
  ('e0000000-0000-0000-0000-000000000011', 'b0000000-0000-0000-0000-000000000010', 0),
  ('e0000000-0000-0000-0000-000000000012', 'b0000000-0000-0000-0000-000000000005', 0),
  ('e0000000-0000-0000-0000-000000000013', 'b0000000-0000-0000-0000-000000000007', 0),
  ('e0000000-0000-0000-0000-000000000014', 'b0000000-0000-0000-0000-000000000012', 0),
  ('e0000000-0000-0000-0000-000000000015', 'b0000000-0000-0000-0000-000000000002', 0),
  ('e0000000-0000-0000-0000-000000000016', 'b0000000-0000-0000-0000-000000000006', 0),
  ('e0000000-0000-0000-0000-000000000017', 'b0000000-0000-0000-0000-000000000009', 0),
  ('e0000000-0000-0000-0000-000000000018', 'b0000000-0000-0000-0000-000000000013', 0),
  ('e0000000-0000-0000-0000-000000000019', 'b0000000-0000-0000-0000-000000000014', 0),
  ('e0000000-0000-0000-0000-000000000020', 'b0000000-0000-0000-0000-000000000015', 0);
--> statement-breakpoint
INSERT INTO set_genres (set_id, genre_id) VALUES
  ('e0000000-0000-0000-0000-000000000001', 'a0000000-0000-0000-0000-000000000001'),
  ('e0000000-0000-0000-0000-000000000002', 'a0000000-0000-0000-0000-000000000001'),
  ('e0000000-0000-0000-0000-000000000003', 'a0000000-0000-0000-0000-000000000001'),
  ('e0000000-0000-0000-0000-000000000004', 'a0000000-0000-0000-0000-000000000001'),
  ('e0000000-0000-0000-0000-000000000005', 'a0000000-0000-0000-0000-000000000011'),
  ('e0000000-0000-0000-0000-000000000005', 'a0000000-0000-0000-0000-000000000002'),
  ('e0000000-0000-0000-0000-000000000006', 'a0000000-0000-0000-0000-000000000011'),
  ('e0000000-0000-0000-0000-000000000006', 'a0000000-0000-0000-0000-000000000002'),
  ('e0000000-0000-0000-0000-000000000007', 'a0000000-0000-0000-0000-000000000011'),
  ('e0000000-0000-0000-0000-000000000007', 'a0000000-0000-0000-0000-000000000002'),
  ('e0000000-0000-0000-0000-000000000008', 'a0000000-0000-0000-0000-000000000002'),
  ('e0000000-0000-0000-0000-000000000009', 'a0000000-0000-0000-0000-000000000002'),
  ('e0000000-0000-0000-0000-000000000010', 'a0000000-0000-0000-0000-000000000002'),
  ('e0000000-0000-0000-0000-000000000011', 'a0000000-0000-0000-0000-000000000002'),
  ('e0000000-0000-0000-0000-000000000012', 'a0000000-0000-0000-0000-000000000002'),
  ('e0000000-0000-0000-0000-000000000013', 'a0000000-0000-0000-0000-000000000004'),
  ('e0000000-0000-0000-0000-000000000014', 'a0000000-0000-0000-0000-000000000002'),
  ('e0000000-0000-0000-0000-000000000015', 'a0000000-0000-0000-0000-000000000002'),
  ('e0000000-0000-0000-0000-000000000015', 'a0000000-0000-0000-0000-000000000007'),
  ('e0000000-0000-0000-0000-000000000016', 'a0000000-0000-0000-0000-000000000002'),
  ('e0000000-0000-0000-0000-000000000017', 'a0000000-0000-0000-0000-000000000002'),
  ('e0000000-0000-0000-0000-000000000017', 'a0000000-0000-0000-0000-000000000008'),
  ('e0000000-0000-0000-0000-000000000018', 'a0000000-0000-0000-0000-000000000002'),
  ('e0000000-0000-0000-0000-000000000019', 'a0000000-0000-0000-0000-000000000011'),
  ('e0000000-0000-0000-0000-000000000020', 'a0000000-0000-0000-0000-000000000011');
--> statement-breakpoint
INSERT INTO sources (id, set_id, platform, url, source_type, media_type, quality, embed_supported, is_active) VALUES
  ('f0000000-0000-0000-0000-000000000001', 'e0000000-0000-0000-0000-000000000001', 'youtube', 'https://www.youtube.com/watch?v=vjR_gc6c1xw', 'official', 'video', 'HD', true, true),
  ('f0000000-0000-0000-0000-000000000002', 'e0000000-0000-0000-0000-000000000001', 'soundcloud', 'https://soundcloud.com/amelielens/amelie-lens-presents-exhale-radio-121-live-from-tomorrowland-2024', 'artist', 'audio', 'HQ', true, true),
  ('f0000000-0000-0000-0000-000000000003', 'e0000000-0000-0000-0000-000000000002', 'youtube', 'https://www.youtube.com/watch?v=LbHM-cSSn74', 'official', 'video', 'HD', true, true),
  ('f0000000-0000-0000-0000-000000000004', 'e0000000-0000-0000-0000-000000000002', 'soundcloud', 'https://soundcloud.com/charlottedewittemusic/tomorrowland-brasil-closing-main-stage-2024', 'artist', 'audio', 'HQ', true, true),
  ('f0000000-0000-0000-0000-000000000005', 'e0000000-0000-0000-0000-000000000003', 'youtube', 'https://www.youtube.com/watch?v=7R5yo5FznTI', 'official', 'video', 'HD', true, true),
  ('f0000000-0000-0000-0000-000000000006', 'e0000000-0000-0000-0000-000000000004', 'youtube', 'https://www.youtube.com/watch?v=bvzYeWOCwNg', 'official', 'video', 'HD', true, true),
  ('f0000000-0000-0000-0000-000000000007', 'e0000000-0000-0000-0000-000000000005', 'youtube', 'https://www.youtube.com/watch?v=aT8_wt9HXEU', 'official', 'video', 'HD', true, true),
  ('f0000000-0000-0000-0000-000000000008', 'e0000000-0000-0000-0000-000000000006', 'youtube', 'https://www.youtube.com/watch?v=sI4n6OCzLpw', 'official', 'video', 'HD', true, true),
  ('f0000000-0000-0000-0000-000000000009', 'e0000000-0000-0000-0000-000000000007', 'youtube', 'https://www.youtube.com/watch?v=w3zCxh-70Ms', 'official', 'video', 'HD', true, true),
  ('f0000000-0000-0000-0000-000000000010', 'e0000000-0000-0000-0000-000000000008', 'youtube', 'https://www.youtube.com/watch?v=BadIgWU9XFU', 'official', 'video', 'HD', true, true),
  ('f0000000-0000-0000-0000-000000000011', 'e0000000-0000-0000-0000-000000000009', 'youtube', 'https://www.youtube.com/watch?v=KO7cYLLFbLw', 'official', 'video', 'HD', true, true),
  ('f0000000-0000-0000-0000-000000000012', 'e0000000-0000-0000-0000-000000000010', 'youtube', 'https://www.youtube.com/watch?v=g7O-7rF0Hqk', 'official', 'video', 'HD', true, true),
  ('f0000000-0000-0000-0000-000000000013', 'e0000000-0000-0000-0000-000000000011', 'youtube', 'https://www.youtube.com/watch?v=_oSRGlOQVL0', 'official', 'video', 'HD', true, true),
  ('f0000000-0000-0000-0000-000000000014', 'e0000000-0000-0000-0000-000000000012', 'youtube', 'https://www.youtube.com/watch?v=-OSs746YI90', 'official', 'video', 'HD', true, true),
  ('f0000000-0000-0000-0000-000000000015', 'e0000000-0000-0000-0000-000000000013', 'youtube', 'https://www.youtube.com/watch?v=gnyvzMfADm4', 'official', 'video', 'HD', true, true),
  ('f0000000-0000-0000-0000-000000000016', 'e0000000-0000-0000-0000-000000000014', 'youtube', 'https://www.youtube.com/watch?v=PxXAdY8G3G0', 'official', 'video', 'HD', true, true),
  ('f0000000-0000-0000-0000-000000000017', 'e0000000-0000-0000-0000-000000000015', 'youtube', 'https://www.youtube.com/watch?v=oXQi77eOdEY', 'official', 'video', 'HD', true, true),
  ('f0000000-0000-0000-0000-000000000018', 'e0000000-0000-0000-0000-000000000016', 'youtube', 'https://www.youtube.com/watch?v=jxcK_wENFgo', 'official', 'video', 'HD', true, true),
  ('f0000000-0000-0000-0000-000000000019', 'e0000000-0000-0000-0000-000000000016', 'soundcloud', 'https://soundcloud.com/platform/peggy-gou-isolation', 'official', 'audio', 'HQ', true, true),
  ('f0000000-0000-0000-0000-000000000020', 'e0000000-0000-0000-0000-000000000017', 'youtube', 'https://www.youtube.com/watch?v=wPIFUWOLc2A', 'official', 'video', 'HD', true, true),
  ('f0000000-0000-0000-0000-000000000021', 'e0000000-0000-0000-0000-000000000017', 'soundcloud', 'https://soundcloud.com/platform/bicep', 'official', 'audio', 'HQ', true, true),
  ('f0000000-0000-0000-0000-000000000022', 'e0000000-0000-0000-0000-000000000018', 'youtube', 'https://www.youtube.com/watch?v=c0-hvjV2A5Y', 'official', 'video', 'HD', true, true),
  ('f0000000-0000-0000-0000-000000000023', 'e0000000-0000-0000-0000-000000000019', 'youtube', 'https://www.youtube.com/watch?v=jsvmcMbMe-0', 'official', 'video', 'HD', true, true),
  ('f0000000-0000-0000-0000-000000000024', 'e0000000-0000-0000-0000-000000000020', 'youtube', 'https://www.youtube.com/watch?v=tDzPlTy9PLM', 'official', 'video', 'HD', true, true);
--> statement-breakpoint
INSERT INTO tracklist_entries (set_id, position, title, timestamp_seconds) VALUES
  ('e0000000-0000-0000-0000-000000000001', 1, 'Amelie Lens - Fallen', 0),
  ('e0000000-0000-0000-0000-000000000001', 2, 'Amelie Lens - Stay With Me', 360),
  ('e0000000-0000-0000-0000-000000000001', 3, 'AIROD - Optic', 720),
  ('e0000000-0000-0000-0000-000000000001', 4, 'Amelie Lens - In Silence', 1080),
  ('e0000000-0000-0000-0000-000000000001', 5, 'MILO SPYKERS - Devotion', 1440),
  ('e0000000-0000-0000-0000-000000000001', 6, 'Amelie Lens - Exhale', 1800),
  ('e0000000-0000-0000-0000-000000000001', 7, 'Kobosil - 96', 2160),
  ('e0000000-0000-0000-0000-000000000001', 8, 'Amelie Lens - Access', 2520),
  ('e0000000-0000-0000-0000-000000000001', 9, 'Farrago - Ritual', 2880),
  ('e0000000-0000-0000-0000-000000000001', 10, 'Amelie Lens & AIROD - Adrenaline', 3240),
  ('e0000000-0000-0000-0000-000000000002', 1, 'Charlotte de Witte - Overdrive', 0),
  ('e0000000-0000-0000-0000-000000000002', 2, 'ONYVAA - Hedera Helix', 360),
  ('e0000000-0000-0000-0000-000000000002', 3, 'Charlotte de Witte - Rave On', 720),
  ('e0000000-0000-0000-0000-000000000002', 4, 'Alignment - Warp', 1080),
  ('e0000000-0000-0000-0000-000000000002', 5, 'Charlotte de Witte & Enrico Sangiuliano - Reflection', 1500),
  ('e0000000-0000-0000-0000-000000000002', 6, 'Charlotte de Witte - Mercury', 1920),
  ('e0000000-0000-0000-0000-000000000002', 7, 'Charlotte de Witte - Sanctum', 2400),
  ('e0000000-0000-0000-0000-000000000002', 8, 'I Hate Models - Daydream', 2880),
  ('e0000000-0000-0000-0000-000000000003', 1, 'Adam Beyer - Your Mind', 0),
  ('e0000000-0000-0000-0000-000000000003', 2, 'Layton Giordani - Life Moving Forward', 420),
  ('e0000000-0000-0000-0000-000000000003', 3, 'Adam Beyer - Teach Me', 900),
  ('e0000000-0000-0000-0000-000000000003', 4, 'Bart Skils - Roll the Dice', 1380),
  ('e0000000-0000-0000-0000-000000000003', 5, 'Adam Beyer & Ida Engberg - Unanswered', 1800),
  ('e0000000-0000-0000-0000-000000000005', 1, 'Hardwell - INTO THE UNKNOWN', 0),
  ('e0000000-0000-0000-0000-000000000005', 2, 'Hardwell - REBELS NEVER DIE', 300),
  ('e0000000-0000-0000-0000-000000000005', 3, 'Hardwell & Sub Zero Project - GAME CHANGER', 660),
  ('e0000000-0000-0000-0000-000000000005', 4, 'Hardwell - BROKEN MIRROR', 1020),
  ('e0000000-0000-0000-0000-000000000005', 5, 'Hardwell - F*CKING SOCIETY', 1380),
  ('e0000000-0000-0000-0000-000000000005', 6, 'Hardwell - PACMAN', 1740),
  ('e0000000-0000-0000-0000-000000000005', 7, 'Hardwell - GODD', 2100),
  ('e0000000-0000-0000-0000-000000000015', 1, 'Four Tet - Baby', 0),
  ('e0000000-0000-0000-0000-000000000015', 2, 'Four Tet - Insect Near Piha Beach', 480),
  ('e0000000-0000-0000-0000-000000000015', 3, 'Floating Points - Silhouettes', 1020),
  ('e0000000-0000-0000-0000-000000000015', 4, 'Four Tet - Parallel', 1680),
  ('e0000000-0000-0000-0000-000000000015', 5, 'Joy Orbison - Hyph Mngo', 2400);
--> statement-breakpoint
-- Admin user roles (Keycloak UUIDs from hausparty realm)
INSERT INTO user_roles (user_id, role) VALUES
  ('8ced8d82-47ca-4aa8-9f12-9d36823cc679', 'site_admin'),  -- techgardencode
  ('7547fea0-9398-467d-bf03-79cad08e3025', 'site_admin');   -- techgardenadmin
--> statement-breakpoint
REFRESH MATERIALIZED VIEW sets_search;
